Tiempo Sistema,Bar Trend,Next Record,Barometer,Inside Temperature,Inside Humidity,Outside Temperature,Wind Speed,10 Min Avg Wind Speed,Wind Direction,Extra Temperatures,Soil Temperatures,Leaf Temperatures,Outside Humidity,Extra Humidties,Rain Rate,UV,Solar Radiation,Storm Rain,Start Date of current Storm,Day Rain,Month Rain,Year Rain,Day ET,Month ET,Year ET,Soil Moistures,Leaf Wetnesses,Inside Alarms,Rain Alarms,Outside Alarms,Extra Temp/Hum Alarms,Soil & Leaf Alarms,Transmitter Battery Status,Console Battery Voltage,Forecast Icons,Forecast Rule number,Time of Sunrise,Time of Sunset,<LF> = 0x0A,<CR> = 0x0D,CRC
2022-11-16 17:52:56,O,650,29763,881,73,839,1,2,305,65535,65535,65535,82,65535,0,255,0,0,65535,0,0,0,104,188,769,65535,65535,0,0,0,0,0,0,770,3,192,553,1738,10,13,43122
2022-11-16 17:53:01,O,650,29763,881,73,839,1,2,305,65535,65535,65535,82,65535,0,255,0,0,65535,0,0,0,104,188,769,65535,65535,0,0,0,0,0,0,770,3,192,553,1738,10,13,43122
2022-11-16 17:54:00,O,650,29764,882,73,839,1,2,49,65535,65535,65535,82,65535,0,255,0,0,65535,0,0,0,104,188,769,65535,65535,0,0,0,0,0,0,770,3,192,553,1738,10,13,32819
2022-11-16 17:55:00,O,650,29765,882,73,838,1,2,43,65535,65535,65535,82,65535,0,255,0,0,65535,0,0,0,104,188,769,65535,65535,0,0,0,0,0,0,770,3,192,553,1738,10,13,54035
2022-11-16 17:56:00,O,650,29764,882,73,838,2,2,28,65535,65535,65535,82,65535,0,255,0,0,65535,0,0,0,104,188,769,65535,65535,0,0,0,0,0,0,770,3,192,553,1738,10,13,57296
2022-11-16 17:57:00,O,650,29766,882,73,837,1,2,9,65535,65535,65535,82,65535,0,255,0,0,65535,0,0,0,104,188,769,65535,65535,0,0,0,0,0,0,770,3,192,553,1738,10,13,22659
2022-11-16 17:58:00,O,650,29769,882,73,837,2,2,80,65535,65535,65535,82,65535,0,255,0,0,65535,0,0,0,104,188,769,65535,65535,0,0,0,0,0,0,770,3,192,553,1738,10,13,21930
2022-11-16 17:59:01,O,650,29767,883,73,836,1,2,355,65535,65535,65535,82,65535,0,255,0,0,65535,0,0,0,104,188,769,65535,65535,0,0,0,0,0,0,770,3,192,553,1738,10,13,52493
2022-11-16 18:00:00,O,650,29770,884,73,836,1,2,31,65535,65535,65535,83,65535,0,255,0,0,65535,0,0,0,104,188,769,65535,65535,0,0,0,0,0,0,770,3,192,553,1738,10,13,33983
2022-11-16 18:01:00,O,651,29771,884,73,835,2,2,350,65535,65535,65535,83,65535,0,255,0,0,65535,0,0,0,105,188,769,65535,65535,0,0,0,0,0,0,770,2,122,553,1738,10,13,13066
2022-11-16 18:02:00,O,651,29771,885,73,834,1,2,344,65535,65535,65535,83,65535,0,255,0,0,65535,0,0,0,105,188,769,65535,65535,0,0,0,0,0,0,770,2,122,553,1738,10,13,18958
2022-11-16 18:03:00,O,651,29772,884,73,834,1,2,336,65535,65535,65535,83,65535,0,255,0,0,65535,0,0,0,105,188,769,65535,65535,0,0,0,0,0,0,770,2,122,553,1738,10,13,57108
2022-11-16 18:04:01,O,651,29771,885,73,834,1,1,350,65535,65535,65535,83,65535,0,255,0,0,65535,0,0,0,105,188,769,65535,65535,0,0,0,0,0,0,771,2,122,553,1738,10,13,28657
2022-11-16 18:05:00,O,651,29772,885,73,832,1,1,328,65535,65535,65535,83,65535,0,255,0,0,65535,0,0,0,105,188,769,65535,65535,0,0,0,0,0,0,770,2,122,553,1738,10,13,11332
2022-11-16 18:06:00,O,651,29773,886,73,832,2,1,28,65535,65535,65535,83,65535,0,255,0,0,65535,0,0,0,105,188,769,65535,65535,0,0,0,0,0,0,770,2,122,553,1738,10,13,48745
2022-11-16 18:07:00,O,651,29773,886,73,831,0,1,336,65535,65535,65535,83,65535,0,255,0,0,65535,0,0,0,105,188,769,65535,65535,0,0,0,0,0,0,770,2,122,553,1738,10,13,60928
2022-11-16 18:08:00,O,651,29773,886,73,831,2,1,67,65535,65535,65535,83,65535,0,255,0,0,65535,0,0,0,105,188,769,65535,65535,0,0,0,0,0,0,770,2,122,553,1738,10,13,33910
2022-11-16 18:09:01,O,651,29771,887,73,831,2,1,28,65535,65535,65535,83,65535,0,255,0,0,65535,0,0,0,105,188,769,65535,65535,0,0,0,0,0,0,770,2,122,553,1738,10,13,11391
2022-11-16 18:10:00,O,651,29774,887,73,830,2,1,344,65535,65535,65535,83,65535,0,255,0,0,65535,0,0,0,105,188,769,65535,65535,0,0,0,0,0,0,770,2,122,553,1738,10,13,39996
2022-11-16 18:11:00,O,651,29772,886,73,830,1,1,44,65535,65535,65535,83,65535,0,255,0,0,65535,0,0,0,105,188,769,65535,65535,0,0,0,0,0,0,770,2,122,553,1738,10,13,24346
2022-11-16 18:12:00,O,651,29775,887,73,829,2,1,64,65535,65535,65535,84,65535,0,255,0,0,65535,0,0,0,105,188,769,65535,65535,0,0,0,0,0,0,770,2,122,553,1738,10,13,3914
2022-11-16 18:13:00,O,651,29773,887,73,828,5,2,59,65535,65535,65535,84,65535,0,255,0,0,65535,0,0,0,105,188,769,65535,65535,0,0,0,0,0,0,770,2,122,553,1738,10,13,8779
2022-11-16 18:14:01,O,651,29773,886,73,828,2,2,55,65535,65535,65535,84,65535,0,255,0,0,65535,0,0,0,105,188,769,65535,65535,0,0,0,0,0,0,770,2,122,553,1738,10,13,33345
2022-11-16 18:15:00,O,651,29776,887,73,828,1,2,271,65535,65535,65535,84,65535,0,255,0,0,65535,0,0,0,105,188,769,65535,65535,0,0,0,0,0,0,770,2,122,553,1738,10,13,31833
2022-11-16 18:16:00,O,651,29776,886,73,827,4,2,28,65535,65535,65535,84,65535,0,255,0,0,65535,0,0,0,105,188,769,65535,65535,0,0,0,0,0,0,770,2,122,553,1738,10,13,58870
2022-11-16 18:17:00,O,651,29777,886,73,827,1,2,49,65535,65535,65535,84,65535,0,255,0,0,65535,0,0,0,105,188,769,65535,65535,0,0,0,0,0,0,770,2,122,553,1738,10,13,28075
2022-11-16 18:18:00,O,651,29777,886,73,826,2,2,70,65535,65535,65535,84,65535,0,255,0,0,65535,0,0,0,105,188,769,65535,65535,0,0,0,0,0,0,770,2,122,553,1738,10,13,65474
2022-11-16 18:19:00,O,651,29780,886,73,826,1,2,337,65535,65535,65535,84,65535,0,255,0,0,65535,0,0,0,105,188,769,65535,65535,0,0,0,0,0,0,770,2,122,553,1738,10,13,58649
2022-11-16 18:20:00,O,651,29779,885,73,826,4,3,20,65535,65535,65535,84,65535,0,255,0,0,65535,0,0,0,105,188,769,65535,65535,0,0,0,0,0,0,770,2,122,553,1738,10,13,43003
2022-11-16 18:21:01,O,651,29784,886,73,825,1,3,46,65535,65535,65535,85,65535,0,255,0,0,65535,0,0,0,105,188,769,65535,65535,0,0,0,0,0,0,770,2,122,553,1738,10,13,16138
2022-11-16 18:22:00,O,651,29783,886,73,825,4,3,348,65535,65535,65535,84,65535,0,255,0,0,65535,0,0,0,105,188,769,65535,65535,0,0,0,0,0,0,770,2,122,553,1738,10,13,21073
2022-11-16 18:23:00,O,651,29784,886,73,825,0,3,5,65535,65535,65535,85,65535,0,255,0,0,65535,0,0,0,105,188,769,65535,65535,0,0,0,0,0,0,770,2,122,553,1738,10,13,35665
2022-11-16 18:24:00,O,651,29786,886,73,824,5,3,355,65535,65535,65535,85,65535,0,255,0,0,65535,0,0,0,105,188,769,65535,65535,0,0,0,0,0,0,770,2,122,553,1738,10,13,63510
2022-11-16 18:25:01,O,651,29785,885,73,824,1,3,22,65535,65535,65535,85,65535,0,255,0,0,65535,0,0,0,105,188,769,65535,65535,0,0,0,0,0,0,770,2,122,553,1738,10,13,55893
2022-11-16 18:26:00,O,651,29788,885,73,824,2,3,10,65535,65535,65535,85,65535,0,255,0,0,65535,0,0,0,105,188,769,65535,65535,0,0,0,0,0,0,770,2,122,553,1738,10,13,44229
2022-11-16 18:27:00,O,651,29787,885,73,823,3,3,344,65535,65535,65535,85,65535,0,255,0,0,65535,0,0,0,105,188,769,65535,65535,0,0,0,0,0,0,770,2,122,553,1738,10,13,1277
2022-11-16 18:28:00,O,651,29787,885,73,823,1,3,331,65535,65535,65535,85,65535,0,255,0,0,65535,0,0,0,105,188,769,65535,65535,0,0,0,0,0,0,770,2,122,553,1738,10,13,22996
2022-11-16 18:29:00,O,651,29787,885,73,823,2,3,76,65535,65535,65535,85,65535,0,255,0,0,65535,0,0,0,105,188,769,65535,65535,0,0,0,0,0,0,770,2,122,553,1738,10,13,27980
2022-11-16 18:30:00,O,651,29786,885,73,822,4,3,56,65535,65535,65535,85,65535,0,255,0,0,65535,0,0,0,105,188,769,65535,65535,0,0,0,0,0,0,770,2,122,553,1738,10,13,3585
2022-11-16 18:31:00,O,652,29788,885,73,822,1,2,16,65535,65535,65535,85,65535,0,255,0,0,65535,0,0,0,105,188,769,65535,65535,0,0,0,0,0,0,770,2,122,553,1738,10,13,4845
2022-11-16 18:32:01,O,652,29786,885,73,822,2,3,111,65535,65535,65535,85,65535,0,255,0,0,65535,0,0,0,105,188,769,65535,65535,0,0,0,0,0,0,770,2,122,553,1738,10,13,54380
2022-11-16 18:33:00,O,652,29787,884,73,822,1,2,57,65535,65535,65535,85,65535,0,255,0,0,65535,0,0,0,105,188,769,65535,65535,0,0,0,0,0,0,770,2,122,553,1738,10,13,36810
2022-11-16 18:34:00,O,652,29786,884,73,821,1,2,110,65535,65535,65535,85,65535,0,255,0,0,65535,0,0,0,105,188,769,65535,65535,0,0,0,0,0,0,770,2,122,553,1738,10,13,41934
2022-11-16 18:35:00,O,652,29786,884,73,821,2,2,18,65535,65535,65535,85,65535,0,255,0,0,65535,0,0,0,105,188,769,65535,65535,0,0,0,0,0,0,770,2,122,553,1738,10,13,26046
2022-11-16 18:36:01,O,652,29785,884,73,820,4,2,25,65535,65535,65535,85,65535,0,255,0,0,65535,0,0,0,105,188,769,65535,65535,0,0,0,0,0,0,770,2,122,553,1738,10,13,57583
2022-11-16 18:37:00,O,652,29788,884,73,820,0,2,73,65535,65535,65535,85,65535,0,255,0,0,65535,0,0,0,105,188,769,65535,65535,0,0,0,0,0,0,770,2,122,553,1738,10,13,23669
2022-11-16 18:38:00,O,652,29790,884,73,820,0,2,16,65535,65535,65535,85,65535,0,255,0,0,65535,0,0,0,105,188,769,65535,65535,0,0,0,0,0,0,770,2,122,553,1738,10,13,38832
2022-11-16 18:39:00,O,652,29791,883,73,820,2,2,45,65535,65535,65535,86,65535,0,255,0,0,65535,0,0,0,105,188,769,65535,65535,0,0,0,0,0,0,771,2,122,553,1738,10,13,39335
2022-11-16 18:40:00,O,652,29790,884,73,820,2,2,317,65535,65535,65535,86,65535,0,255,0,0,65535,0,0,0,105,188,769,65535,65535,0,0,0,0,0,0,770,2,122,553,1738,10,13,55965
2022-11-16 18:41:00,O,652,29789,883,73,820,1,2,51,65535,65535,65535,86,65535,0,255,0,0,65535,0,0,0,105,188,769,65535,65535,0,0,0,0,0,0,770,2,122,553,1738,10,13,4504
2022-11-16 18:42:00,O,652,29791,883,73,820,1,2,34,65535,65535,65535,86,65535,0,255,0,0,65535,0,0,0,105,188,769,65535,65535,0,0,0,0,0,0,770,2,122,553,1738,10,13,35759
2022-11-16 18:43:01,O,652,29793,883,73,819,1,2,360,65535,65535,65535,86,65535,0,255,0,0,65535,0,0,0,105,188,769,65535,65535,0,0,0,0,0,0,770,2,122,553,1738,10,13,30753
2022-11-16 18:44:00,O,652,29792,883,73,818,0,2,46,65535,65535,65535,86,65535,0,255,0,0,65535,0,0,0,105,188,769,65535,65535,0,0,0,0,0,0,770,2,122,553,1738,10,13,4930
2022-11-16 18:45:00,O,652,29792,883,73,819,1,2,44,65535,65535,65535,86,65535,0,255,0,0,65535,0,0,0,105,188,769,65535,65535,0,0,0,0,0,0,770,2,122,553,1738,10,13,62601
2022-11-16 18:46:00,O,652,29795,882,73,818,2,1,49,65535,65535,65535,86,65535,0,255,0,0,65535,0,0,0,105,188,769,65535,65535,0,0,0,0,0,0,771,2,122,553,1738,10,13,50643
2022-11-16 18:47:01,O,652,29796,882,73,818,1,1,38,65535,65535,65535,86,65535,0,255,0,0,65535,0,0,0,105,188,769,65535,65535,0,0,0,0,0,0,771,2,122,553,1738,10,13,57772
2022-11-16 18:48:00,O,652,29800,882,73,818,3,1,5,65535,65535,65535,86,65535,0,255,0,0,65535,0,0,0,105,188,769,65535,65535,0,0,0,0,0,0,771,2,122,553,1738,10,13,21326
2022-11-16 18:49:00,O,652,29796,882,73,818,1,2,51,65535,65535,65535,86,65535,0,255,0,0,65535,0,0,0,105,188,769,65535,65535,0,0,0,0,0,0,770,2,122,553,1738,10,13,17079
2022-11-16 18:50:00,O,652,29799,882,74,817,1,2,34,65535,65535,65535,87,65535,0,255,0,0,65535,0,0,0,105,188,769,65535,65535,0,0,0,0,0,0,770,2,122,553,1738,10,13,55759
2022-11-16 18:51:00,O,652,29799,882,74,817,2,2,342,65535,65535,65535,87,65535,0,255,0,0,65535,0,0,0,105,188,769,65535,65535,0,0,0,0,0,0,770,2,122,553,1738,10,13,31808
2022-11-16 18:52:00,O,652,29801,882,74,817,2,2,38,65535,65535,65535,87,65535,0,255,0,0,65535,0,0,0,105,188,769,65535,65535,0,0,0,0,0,0,771,2,122,553,1738,10,13,60690
2022-11-16 18:53:00,O,652,29800,882,74,816,1,2,42,65535,65535,65535,87,65535,0,255,0,0,65535,0,0,0,105,188,769,65535,65535,0,0,0,0,0,0,771,2,122,553,1738,10,13,11833
2022-11-16 18:54:01,O,652,29801,881,74,816,1,2,32,65535,65535,65535,87,65535,0,255,0,0,65535,0,0,0,105,188,769,65535,65535,0,0,0,0,0,0,771,2,122,553,1738,10,13,19122
2022-11-16 18:55:00,O,652,29801,881,74,816,3,2,88,65535,65535,65535,87,65535,0,255,0,0,65535,0,0,0,105,188,769,65535,65535,0,0,0,0,0,0,770,2,122,553,1738,10,13,7699
2022-11-16 18:56:00,O,652,29802,881,74,815,5,2,11,65535,65535,65535,87,65535,0,255,0,0,65535,0,0,0,105,188,769,65535,65535,0,0,0,0,0,0,770,2,122,553,1738,10,13,59766
2022-11-16 18:57:00,O,652,29803,881,74,815,4,2,338,65535,65535,65535,87,65535,0,255,0,0,65535,0,0,0,105,188,769,65535,65535,0,0,0,0,0,0,771,2,122,553,1738,10,13,12387
2022-11-16 18:58:01,O,652,29802,880,74,815,1,2,5,65535,65535,65535,87,65535,0,255,0,0,65535,0,0,0,105,188,769,65535,65535,0,0,0,0,0,0,771,2,122,553,1738,10,13,16152
2022-11-16 18:59:00,O,652,29804,880,74,815,1,2,17,65535,65535,65535,87,65535,0,255,0,0,65535,0,0,0,105,188,769,65535,65535,0,0,0,0,0,0,771,2,122,553,1738,10,13,42501
2022-11-16 19:00:00,O,652,29803,880,74,815,4,2,26,65535,65535,65535,87,65535,0,255,0,0,65535,0,0,0,105,188,769,65535,65535,0,0,0,0,0,0,771,2,122,553,1738,10,13,14748
2022-11-16 19:01:00,O,653,29804,880,74,815,1,2,80,65535,65535,65535,87,65535,0,255,0,0,65535,0,0,0,105,188,769,65535,65535,0,0,0,0,0,0,771,6,75,553,1738,10,13,12554
2022-11-16 19:02:01,O,653,29803,881,74,814,1,2,34,65535,65535,65535,87,65535,0,255,0,0,65535,0,0,0,105,188,769,65535,65535,0,0,0,0,0,0,771,6,75,553,1738,10,13,29750
2022-11-16 19:03:00,O,653,29804,880,74,814,2,2,37,65535,65535,65535,88,65535,0,255,0,0,65535,0,0,0,105,188,769,65535,65535,0,0,0,0,0,0,771,6,75,553,1738,10,13,7394
2022-11-16 19:04:00,O,653,29804,880,74,813,4,2,346,65535,65535,65535,88,65535,0,255,0,0,65535,0,0,0,105,188,769,65535,65535,0,0,0,0,0,0,771,6,75,553,1738,10,13,39179
2022-11-16 19:05:00,O,653,29804,880,74,813,4,2,25,65535,65535,65535,88,65535,0,255,0,0,65535,0,0,0,105,188,769,65535,65535,0,0,0,0,0,0,771,6,75,553,1738,10,13,42162
2022-11-16 19:06:00,O,653,29805,879,74,813,5,2,20,65535,65535,65535,88,65535,0,255,0,0,65535,0,0,0,105,188,769,65535,65535,0,0,0,0,0,0,771,6,75,553,1738,10,13,60079
2022-11-16 19:07:01,O,653,29808,879,74,813,1,2,9,65535,65535,65535,88,65535,0,255,0,0,65535,0,0,0,105,188,769,65535,65535,0,0,0,0,0,0,771,6,75,553,1738,10,13,57215
2022-11-16 19:08:00,O,653,29810,879,74,813,1,2,355,65535,65535,65535,88,65535,0,255,0,0,65535,0,0,0,105,188,769,65535,65535,0,0,0,0,0,0,771,6,75,553,1738,10,13,47008
2022-11-16 19:09:00,O,653,29808,879,74,813,1,2,211,65535,65535,65535,88,65535,0,255,0,0,65535,0,0,0,105,188,769,65535,65535,0,0,0,0,0,0,771,6,75,553,1738,10,13,6225
2022-11-16 19:10:00,O,653,29810,878,74,813,1,2,215,65535,65535,65535,88,65535,0,255,0,0,65535,0,0,0,105,188,769,65535,65535,0,0,0,0,0,0,771,6,75,553,1738,10,13,21672
2022-11-16 19:11:00,O,653,29812,878,74,813,5,2,40,65535,65535,65535,88,65535,0,255,0,0,65535,0,0,0,105,188,769,65535,65535,0,0,0,0,0,0,771,6,75,553,1738,10,13,7293
2022-11-16 19:12:01,O,653,29809,878,75,812,2,2,360,65535,65535,65535,88,65535,0,255,0,0,65535,0,0,0,105,188,769,65535,65535,0,0,0,0,0,0,771,6,75,553,1738,10,13,39448
2022-11-16 19:13:00,O,653,29812,878,75,812,1,2,315,65535,65535,65535,88,65535,0,255,0,0,65535,0,0,0,105,188,769,65535,65535,0,0,0,0,0,0,771,6,75,553,1738,10,13,39070
2022-11-16 19:14:00,O,653,29814,878,75,812,1,2,80,65535,65535,65535,88,65535,0,255,0,0,65535,0,0,0,105,188,769,65535,65535,0,0,0,0,0,0,771,6,75,553,1738,10,13,60125
2022-11-16 19:15:00,O,653,29815,878,75,812,2,2,48,65535,65535,65535,88,65535,0,255,0,0,65535,0,0,0,105,188,769,65535,65535,0,0,0,0,0,0,771,6,75,553,1738,10,13,20472
2022-11-16 19:16:01,O,653,29818,877,75,812,0,2,36,65535,65535,65535,88,65535,0,255,0,0,65535,0,0,0,105,188,769,65535,65535,0,0,0,0,0,0,771,6,75,553,1738,10,13,26124
2022-11-16 19:17:00,O,653,29819,877,75,812,1,2,24,65535,65535,65535,88,65535,0,255,0,0,65535,0,0,0,105,188,769,65535,65535,0,0,0,0,0,0,771,6,75,553,1738,10,13,59926
2022-11-16 19:18:00,O,653,29821,877,75,812,0,2,22,65535,65535,65535,88,65535,0,255,0,0,65535,0,0,0,105,188,769,65535,65535,0,0,0,0,0,0,771,6,75,553,1738,10,13,17981
2022-11-16 19:19:00,O,653,29820,877,75,812,1,2,313,65535,65535,65535,88,65535,0,255,0,0,65535,0,0,0,105,188,769,65535,65535,0,0,0,0,0,0,771,6,75,553,1738,10,13,31644
2022-11-16 19:20:00,O,653,29821,877,75,811,2,2,340,65535,65535,65535,88,65535,0,255,0,0,65535,0,0,0,105,188,769,65535,65535,0,0,0,0,0,0,771,6,75,553,1738,10,13,38902
2022-11-16 19:21:00,O,653,29822,876,75,811,2,2,329,65535,65535,65535,88,65535,0,255,0,0,65535,0,0,0,105,188,769,65535,65535,0,0,0,0,0,0,771,6,75,553,1738,10,13,34966
2022-11-16 19:22:00,O,653,29822,877,75,811,1,2,267,65535,65535,65535,88,65535,0,255,0,0,65535,0,0,0,105,188,769,65535,65535,0,0,0,0,0,0,771,6,75,553,1738,10,13,53661
2022-11-16 19:23:01,O,653,29823,876,75,811,2,1,326,65535,65535,65535,88,65535,0,255,0,0,65535,0,0,0,105,188,769,65535,65535,0,0,0,0,0,0,771,6,75,553,1738,10,13,13007
2022-11-16 19:24:00,O,653,29824,876,75,811,1,1,338,65535,65535,65535,88,65535,0,255,0,0,65535,0,0,0,105,188,769,65535,65535,0,0,0,0,0,0,771,6,75,553,1738,10,13,44454
2022-11-16 19:25:00,O,653,29823,876,75,811,2,1,342,65535,65535,65535,89,65535,0,255,0,0,65535,0,0,0,105,188,769,65535,65535,0,0,0,0,0,0,771,6,75,553,1738,10,13,59713
2022-11-16 19:26:00,O,653,29825,875,75,810,1,1,19,65535,65535,65535,89,65535,0,255,0,0,65535,0,0,0,105,188,769,65535,65535,0,0,0,0,0,0,771,6,75,553,1738,10,13,24766
2022-11-16 19:27:01,O,653,29823,875,75,810,0,1,18,65535,65535,65535,89,65535,0,255,0,0,65535,0,0,0,105,188,769,65535,65535,0,0,0,0,0,0,771,6,75,553,1738,10,13,2419
2022-11-16 19:28:00,O,653,29822,875,75,809,1,1,18,65535,65535,65535,89,65535,0,255,0,0,65535,0,0,0,105,188,769,65535,65535,0,0,0,0,0,0,771,6,75,553,1738,10,13,29055
2022-11-16 19:29:00,O,653,29822,875,75,810,1,1,52,65535,65535,65535,89,65535,0,255,0,0,65535,0,0,0,105,188,769,65535,65535,0,0,0,0,0,0,771,6,75,553,1738,10,13,19889
2022-11-16 19:30:00,O,653,29824,876,75,809,1,1,44,65535,65535,65535,89,65535,0,255,0,0,65535,0,0,0,105,188,769,65535,65535,0,0,0,0,0,0,771,6,75,553,1738,10,13,9030
2022-11-16 19:31:00,O,654,29821,875,75,809,2,1,65,65535,65535,65535,89,65535,0,255,0,0,65535,0,0,0,105,188,769,65535,65535,0,0,0,0,0,0,771,6,75,553,1738,10,13,21141
2022-11-16 19:32:00,O,654,29822,875,75,809,1,1,46,65535,65535,65535,89,65535,0,255,0,0,65535,0,0,0,105,188,769,65535,65535,0,0,0,0,0,0,771,6,75,553,1738,10,13,36623
2022-11-16 19:33:00,O,654,29823,876,75,809,2,1,28,65535,65535,65535,89,65535,0,255,0,0,65535,0,0,0,105,188,769,65535,65535,0,0,0,0,0,0,771,6,75,553,1738,10,13,40879
2022-11-16 19:34:01,O,654,29823,875,75,809,0,1,53,65535,65535,65535,89,65535,0,255,0,0,65535,0,0,0,105,188,769,65535,65535,0,0,0,0,0,0,771,6,75,553,1738,10,13,13392
2022-11-16 19:35:00,O,654,29826,876,75,809,0,1,18,65535,65535,65535,89,65535,0,255,0,0,65535,0,0,0,105,188,769,65535,65535,0,0,0,0,0,0,771,6,75,553,1738,10,13,15371
2022-11-16 19:36:00,O,654,29825,876,75,809,1,1,17,65535,65535,65535,89,65535,0,255,0,0,65535,0,0,0,105,188,769,65535,65535,0,0,0,0,0,0,771,6,75,553,1738,10,13,21343
2022-11-16 19:37:00,O,654,29826,876,75,808,1,1,17,65535,65535,65535,89,65535,0,255,0,0,65535,0,0,0,105,188,769,65535,65535,0,0,0,0,0,0,771,6,75,553,1738,10,13,49500
2022-11-16 19:38:01,O,654,29823,875,75,808,1,1,17,65535,65535,65535,89,65535,0,255,0,0,65535,0,0,0,105,188,769,65535,65535,0,0,0,0,0,0,771,6,75,553,1738,10,13,65090
2022-11-16 19:39:00,O,654,29824,875,75,808,0,1,17,65535,65535,65535,89,65535,0,255,0,0,65535,0,0,0,105,188,769,65535,65535,0,0,0,0,0,0,771,6,75,553,1738,10,13,6630
2022-11-16 19:40:00,O,654,29825,875,75,808,1,1,17,65535,65535,65535,89,65535,0,255,0,0,65535,0,0,0,105,188,769,65535,65535,0,0,0,0,0,0,771,6,75,553,1738,10,13,28925
2022-11-16 19:41:00,O,654,29824,874,75,808,0,1,17,65535,65535,65535,89,65535,0,255,0,0,65535,0,0,0,105,188,769,65535,65535,0,0,0,0,0,0,771,6,75,553,1738,10,13,30388
2022-11-16 19:42:00,O,654,29824,875,75,808,0,1,17,65535,65535,65535,89,65535,0,255,0,0,65535,0,0,0,105,188,769,65535,65535,0,0,0,0,0,0,771,6,75,553,1738,10,13,6630
2022-11-16 19:43:00,O,654,29825,874,75,807,0,1,17,65535,65535,65535,89,65535,0,255,0,0,65535,0,0,0,105,188,769,65535,65535,0,0,0,0,0,0,771,6,75,553,1738,10,13,46858
2022-11-16 19:44:00,O,654,29825,875,76,808,3,0,355,65535,65535,65535,89,65535,0,255,0,0,65535,0,0,0,105,188,769,65535,65535,0,0,0,0,0,0,771,6,75,553,1738,10,13,9093
2022-11-16 19:45:01,O,654,29825,874,76,807,1,1,15,65535,65535,65535,89,65535,0,255,0,0,65535,0,0,0,105,188,769,65535,65535,0,0,0,0,0,0,771,6,75,553,1738,10,13,43349
2022-11-16 19:46:00,O,654,29826,874,76,807,0,1,19,65535,65535,65535,89,65535,0,255,0,0,65535,0,0,0,105,188,769,65535,65535,0,0,0,0,0,0,771,6,75,553,1738,10,13,15893
2022-11-16 19:47:00,O,654,29826,874,76,807,1,1,29,65535,65535,65535,89,65535,0,255,0,0,65535,0,0,0,105,188,769,65535,65535,0,0,0,0,0,0,771,6,75,553,1738,10,13,43043
2022-11-16 19:48:00,O,654,29826,874,76,807,2,1,329,65535,65535,65535,89,65535,0,255,0,0,65535,0,0,0,105,188,769,65535,65535,0,0,0,0,0,0,771,6,75,553,1738,10,13,7949
2022-11-16 19:49:01,O,654,29827,874,76,807,0,1,275,65535,65535,65535,89,65535,0,255,0,0,65535,0,0,0,105,188,769,65535,65535,0,0,0,0,0,0,771,6,75,553,1738,10,13,40383
2022-11-16 19:50:00,O,654,29827,874,76,807,1,1,317,65535,65535,65535,89,65535,0,255,0,0,65535,0,0,0,105,188,769,65535,65535,0,0,0,0,0,0,771,6,75,553,1738,10,13,6440
2022-11-16 19:51:00,O,654,29827,874,76,807,1,1,322,65535,65535,65535,89,65535,0,255,0,0,65535,0,0,0,105,188,769,65535,65535,0,0,0,0,0,0,771,6,75,553,1738,10,13,63183
2022-11-16 19:52:00,O,654,29828,873,76,806,0,1,326,65535,65535,65535,89,65535,0,255,0,0,65535,0,0,0,105,188,769,65535,65535,0,0,0,0,0,0,771,6,75,553,1738,10,13,12642
2022-11-16 19:53:00,O,654,29830,873,76,806,0,1,336,65535,65535,65535,89,65535,0,255,0,0,65535,0,0,0,105,188,769,65535,65535,0,0,0,0,0,0,771,6,75,553,1738,10,13,36529
2022-11-16 19:54:00,O,654,29828,873,76,806,1,1,333,65535,65535,65535,89,65535,0,255,0,0,65535,0,0,0,105,188,769,65535,65535,0,0,0,0,0,0,771,6,75,553,1738,10,13,38808
2022-11-16 19:55:00,O,654,29832,873,76,806,0,1,334,65535,65535,65535,89,65535,0,255,0,0,65535,0,0,0,105,188,769,65535,65535,0,0,0,0,0,0,771,6,75,553,1738,10,13,4600
2022-11-16 19:56:01,O,654,29831,873,76,806,0,1,337,65535,65535,65535,89,65535,0,255,0,0,65535,0,0,0,105,188,769,65535,65535,0,0,0,0,0,0,771,6,75,553,1738,10,13,216
2022-11-16 19:57:00,O,654,29831,872,76,806,0,1,25,65535,65535,65535,89,65535,0,255,0,0,65535,0,0,0,105,188,769,65535,65535,0,0,0,0,0,0,771,6,75,553,1738,10,13,2343
2022-11-16 19:58:00,O,654,29833,873,76,806,0,1,348,65535,65535,65535,89,65535,0,255,0,0,65535,0,0,0,105,188,769,65535,65535,0,0,0,0,0,0,771,6,75,553,1738,10,13,6517
2022-11-16 19:59:00,O,654,29831,872,76,805,1,1,348,65535,65535,65535,89,65535,0,255,0,0,65535,0,0,0,105,188,769,65535,65535,0,0,0,0,0,0,771,6,75,553,1738,10,13,59167
2022-11-16 20:00:01,O,654,29832,872,76,805,1,1,5,65535,65535,65535,89,65535,0,255,0,0,65535,0,0,0,105,188,769,65535,65535,0,0,0,0,0,0,771,6,75,553,1738,10,13,64330
2022-11-16 20:01:00,O,655,29833,872,76,804,1,1,5,65535,65535,65535,89,65535,0,255,0,0,65535,0,0,0,105,188,769,65535,65535,0,0,0,0,0,0,771,6,75,553,1738,10,13,27037
2022-11-16 20:02:00,O,655,29836,872,76,805,1,1,355,65535,65535,65535,89,65535,0,255,0,0,65535,0,0,0,105,188,769,65535,65535,0,0,0,0,0,0,771,6,75,553,1738,10,13,56919
2022-11-16 20:03:00,O,655,29833,872,76,804,1,1,355,65535,65535,65535,89,65535,0,255,0,0,65535,0,0,0,105,188,769,65535,65535,0,0,0,0,0,0,771,6,75,553,1738,10,13,30281
2022-11-16 20:04:00,O,655,29832,871,76,804,0,1,351,65535,65535,65535,89,65535,0,255,0,0,65535,0,0,0,105,188,769,65535,65535,0,0,0,0,0,0,771,6,75,553,1738,10,13,60495
2022-11-16 20:05:06,O,655,29836,872,76,804,1,1,27,65535,65535,65535,89,65535,0,255,0,0,65535,0,0,0,105,188,769,65535,65535,0,0,0,0,0,0,771,6,75,553,1738,10,13,11270
2022-11-16 20:06:00,O,655,29835,871,76,803,0,1,22,65535,65535,65535,89,65535,0,255,0,0,65535,0,0,0,105,188,769,65535,65535,0,0,0,0,0,0,771,6,75,553,1738,10,13,8275
2022-11-16 20:07:00,O,655,29835,871,76,804,0,1,14,65535,65535,65535,89,65535,0,255,0,0,65535,0,0,0,105,188,769,65535,65535,0,0,0,0,0,0,771,6,75,553,1738,10,13,53376
2022-11-16 20:08:01,O,655,29836,871,76,804,0,1,10,65535,65535,65535,90,65535,0,255,0,0,65535,0,0,0,105,188,769,65535,65535,0,0,0,0,0,0,771,6,75,553,1738,10,13,33610
2022-11-16 20:09:00,O,655,29838,871,76,803,1,1,10,65535,65535,65535,89,65535,0,255,0,0,65535,0,0,0,105,188,769,65535,65535,0,0,0,0,0,0,771,6,75,553,1738,10,13,36110
2022-11-16 20:10:00,O,655,29836,871,76,803,2,1,45,65535,65535,65535,89,65535,0,255,0,0,65535,0,0,0,105,188,769,65535,65535,0,0,0,0,0,0,771,6,75,553,1738,10,13,38291
2022-11-16 20:11:00,O,655,29837,871,76,803,1,1,29,65535,65535,65535,89,65535,0,255,0,0,65535,0,0,0,105,188,769,65535,65535,0,0,0,0,0,0,771,6,75,553,1738,10,13,48308
2022-11-16 20:12:00,O,655,29836,871,76,803,1,1,51,65535,65535,65535,89,65535,0,255,0,0,65535,0,0,0,105,188,769,65535,65535,0,0,0,0,0,0,771,6,75,553,1738,10,13,20792
2022-11-16 20:13:01,O,655,29836,871,76,804,4,1,29,65535,65535,65535,89,65535,0,255,0,0,65535,0,0,0,105,188,769,65535,65535,0,0,0,0,0,0,771,6,75,553,1738,10,13,28423
2022-11-16 20:14:00,O,655,29837,871,76,803,2,2,35,65535,65535,65535,89,65535,0,255,0,0,65535,0,0,0,105,188,769,65535,65535,0,0,0,0,0,0,771,6,75,553,1738,10,13,13654
2022-11-16 20:15:00,O,655,29838,871,76,803,1,2,17,65535,65535,65535,89,65535,0,255,0,0,65535,0,0,0,105,188,769,65535,65535,0,0,0,0,0,0,771,6,75,553,1738,10,13,162
2022-11-16 20:16:00,O,655,29837,871,76,804,5,2,31,65535,65535,65535,89,65535,0,255,0,0,65535,0,0,0,105,188,769,65535,65535,0,0,0,0,0,0,771,6,75,553,1738,10,13,19676
2022-11-16 20:17:01,O,655,29840,870,76,803,0,2,19,65535,65535,65535,89,65535,0,255,0,0,65535,0,0,0,105,188,769,65535,65535,0,0,0,0,0,0,771,6,75,553,1738,10,13,21855
2022-11-16 20:18:00,O,655,29840,870,76,804,1,2,16,65535,65535,65535,89,65535,0,255,0,0,65535,0,0,0,105,188,769,65535,65535,0,0,0,0,0,0,771,6,75,553,1738,10,13,35366
2022-11-16 20:19:00,O,655,29842,870,76,804,5,2,38,65535,65535,65535,89,65535,0,255,0,0,65535,0,0,0,105,188,769,65535,65535,0,0,0,0,0,0,771,6,75,553,1738,10,13,45279
2022-11-16 20:20:00,O,655,29842,870,76,804,1,2,43,65535,65535,65535,89,65535,0,255,0,0,65535,0,0,0,105,188,769,65535,65535,0,0,0,0,0,0,771,6,75,553,1738,10,13,17208
2022-11-16 20:21:01,O,655,29844,870,76,804,1,2,47,65535,65535,65535,89,65535,0,255,0,0,65535,0,0,0,105,188,769,65535,65535,0,0,0,0,0,0,771,6,75,553,1738,10,13,21365
2022-11-16 20:22:00,O,655,29842,870,76,804,1,2,157,65535,65535,65535,89,65535,0,255,0,0,65535,0,0,0,105,188,769,65535,65535,0,0,0,0,0,0,771,6,75,553,1738,10,13,60693
2022-11-16 20:23:00,O,655,29844,870,76,804,1,2,41,65535,65535,65535,89,65535,0,255,0,0,65535,0,0,0,105,188,769,65535,65535,0,0,0,0,0,0,771,6,75,553,1738,10,13,27661
2022-11-16 20:24:00,O,655,29845,869,76,804,0,2,37,65535,65535,65535,89,65535,0,255,0,0,65535,0,0,0,105,188,769,65535,65535,0,0,0,0,0,0,771,6,75,553,1738,10,13,51728
2022-11-16 20:25:00,O,655,29844,869,76,804,1,1,36,65535,65535,65535,89,65535,0,255,0,0,65535,0,0,0,105,188,769,65535,65535,0,0,0,0,0,0,771,6,75,553,1738,10,13,59007
2022-11-16 20:26:00,O,655,29842,869,76,804,2,1,40,65535,65535,65535,89,65535,0,255,0,0,65535,0,0,0,105,188,769,65535,65535,0,0,0,0,0,0,771,6,75,553,1738,10,13,33969
2022-11-16 20:27:00,O,655,29843,869,76,804,1,1,19,65535,65535,65535,89,65535,0,255,0,0,65535,0,0,0,105,188,769,65535,65535,0,0,0,0,0,0,771,6,75,553,1738,10,13,63106
2022-11-16 20:28:01,O,655,29841,869,76,804,4,1,35,65535,65535,65535,89,65535,0,255,0,0,65535,0,0,0,105,188,769,65535,65535,0,0,0,0,0,0,771,6,75,553,1738,10,13,3821
2022-11-16 20:29:00,O,655,29843,869,76,804,0,1,288,65535,65535,65535,89,65535,0,255,0,0,65535,0,0,0,105,188,769,65535,65535,0,0,0,0,0,0,771,6,75,553,1738,10,13,43126
2022-11-16 20:30:00,O,655,29841,869,76,804,0,1,360,65535,65535,65535,89,65535,0,255,0,0,65535,0,0,0,105,188,769,65535,65535,0,0,0,0,0,0,771,6,75,553,1738,10,13,61567
2022-11-16 20:31:00,O,656,29840,869,76,804,0,1,49,65535,65535,65535,89,65535,0,255,0,0,65535,0,0,0,105,188,769,65535,65535,0,0,0,0,0,0,771,6,75,553,1738,10,13,5534
2022-11-16 20:32:01,O,656,29841,868,76,804,2,1,34,65535,65535,65535,89,65535,0,255,0,0,65535,0,0,0,105,188,769,65535,65535,0,0,0,0,0,0,771,6,75,553,1738,10,13,45840
2022-11-16 20:33:00,O,656,29843,868,76,804,2,1,44,65535,65535,65535,89,65535,0,255,0,0,65535,0,0,0,105,188,769,65535,65535,0,0,0,0,0,0,771,6,75,553,1738,10,13,53555
2022-11-16 20:34:00,O,656,29843,868,76,804,0,1,44,65535,65535,65535,89,65535,0,255,0,0,65535,0,0,0,105,188,769,65535,65535,0,0,0,0,0,0,771,6,75,553,1738,10,13,2814
2022-11-16 20:35:00,O,656,29841,868,76,803,0,1,5,65535,65535,65535,89,65535,0,255,0,0,65535,0,0,0,105,188,769,65535,65535,0,0,0,0,0,0,771,6,75,553,1738,10,13,29371
2022-11-16 20:36:00,O,656,29843,868,76,804,1,1,5,65535,65535,65535,89,65535,0,255,0,0,65535,0,0,0,105,188,769,65535,65535,0,0,0,0,0,0,771,6,75,553,1738,10,13,43917
2022-11-16 20:37:00,O,656,29840,868,76,803,0,1,86,65535,65535,65535,89,65535,0,255,0,0,65535,0,0,0,105,188,769,65535,65535,0,0,0,0,0,0,771,6,75,553,1738,10,13,26104
2022-11-16 20:38:00,O,656,29839,867,76,803,1,1,34,65535,65535,65535,89,65535,0,255,0,0,65535,0,0,0,105,188,769,65535,65535,0,0,0,0,0,0,771,6,75,553,1738,10,13,18134
2022-11-16 20:39:01,O,656,29841,868,76,803,1,1,5,65535,65535,65535,89,65535,0,255,0,0,65535,0,0,0,105,188,769,65535,65535,0,0,0,0,0,0,771,6,75,553,1738,10,13,36693
2022-11-16 20:40:00,O,656,29840,868,76,803,0,1,12,65535,65535,65535,89,65535,0,255,0,0,65535,0,0,0,105,188,769,65535,65535,0,0,0,0,0,0,771,6,75,553,1738,10,13,43122
2022-11-16 20:41:00,O,656,29839,867,76,802,1,1,9,65535,65535,65535,89,65535,0,255,0,0,65535,0,0,0,105,188,769,65535,65535,0,0,0,0,0,0,771,6,75,553,1738,10,13,110
2022-11-16 20:42:00,O,656,29840,867,76,802,1,1,355,65535,65535,65535,89,65535,0,255,0,0,65535,0,0,0,105,188,769,65535,65535,0,0,0,0,0,0,771,6,75,553,1738,10,13,10198
2022-11-16 20:43:01,O,656,29840,867,76,802,1,1,355,65535,65535,65535,89,65535,0,255,0,0,65535,0,0,0,105,188,769,65535,65535,0,0,0,0,0,0,771,6,75,553,1738,10,13,10198
2022-11-16 20:44:00,O,656,29839,867,76,801,1,1,338,65535,65535,65535,89,65535,0,255,0,0,65535,0,0,0,105,188,769,65535,65535,0,0,0,0,0,0,771,6,75,553,1738,10,13,61744
2022-11-16 20:45:00,O,656,29839,867,76,801,0,1,338,65535,65535,65535,89,65535,0,255,0,0,65535,0,0,0,105,188,769,65535,65535,0,0,0,0,0,0,771,6,75,553,1738,10,13,3294
2022-11-16 20:46:00,O,656,29839,866,76,801,1,1,351,65535,65535,65535,89,65535,0,255,0,0,65535,0,0,0,105,188,769,65535,65535,0,0,0,0,0,0,771,6,75,553,1738,10,13,64014
2022-11-16 20:47:00,O,656,29839,866,76,801,0,1,344,65535,65535,65535,89,65535,0,255,0,0,65535,0,0,0,105,188,769,65535,65535,0,0,0,0,0,0,771,6,75,553,1738,10,13,8708
2022-11-16 20:48:00,O,656,29839,866,76,800,1,1,360,65535,65535,65535,89,65535,0,255,0,0,65535,0,0,0,105,188,769,65535,65535,0,0,0,0,0,0,771,6,75,553,1738,10,13,19222
2022-11-16 20:49:00,O,656,29842,865,76,800,1,1,355,65535,65535,65535,89,65535,0,255,0,0,65535,0,0,0,105,188,769,65535,65535,0,0,0,0,0,0,771,6,75,553,1738,10,13,61075
2022-11-16 20:50:01,O,656,29842,866,76,799,1,1,355,65535,65535,65535,89,65535,0,255,0,0,65535,0,0,0,105,188,769,65535,65535,0,0,0,0,0,0,771,6,75,553,1738,10,13,15183
2022-11-16 20:51:00,O,656,29843,865,76,798,1,1,355,65535,65535,65535,90,65535,0,255,0,0,65535,0,0,0,105,188,769,65535,65535,0,0,0,0,0,0,771,6,75,553,1738,10,13,50739
2022-11-16 20:52:00,O,656,29844,866,76,798,1,1,355,65535,65535,65535,90,65535,0,255,0,0,65535,0,0,0,105,188,769,65535,65535,0,0,0,0,0,0,771,6,75,553,1738,10,13,55597
2022-11-16 20:53:00,O,656,29845,865,76,798,0,1,355,65535,65535,65535,90,65535,0,255,0,0,65535,0,0,0,105,188,769,65535,65535,0,0,0,0,0,0,771,6,75,553,1738,10,13,448
2022-11-16 20:54:01,O,656,29847,865,76,798,0,1,355,65535,65535,65535,90,65535,0,255,0,0,65535,0,0,0,105,188,769,65535,65535,0,0,0,0,0,0,771,6,75,553,1738,10,13,2107
2022-11-16 20:55:00,O,656,29845,865,76,798,0,1,13,65535,65535,65535,90,65535,0,255,0,0,65535,0,0,0,105,188,769,65535,65535,0,0,0,0,0,0,771,6,75,553,1738,10,13,19124
2022-11-16 20:56:00,O,656,29844,865,76,797,0,1,13,65535,65535,65535,90,65535,0,255,0,0,65535,0,0,0,105,188,769,65535,65535,0,0,0,0,0,0,771,6,75,553,1738,10,13,53078
2022-11-16 20:57:00,O,656,29845,866,76,797,1,1,13,65535,65535,65535,90,65535,0,255,0,0,65535,0,0,0,105,188,769,65535,65535,0,0,0,0,0,0,771,6,75,553,1738,10,13,6075
2022-11-16 20:58:00,O,656,29846,866,76,797,0,1,341,65535,65535,65535,90,65535,0,255,0,0,65535,0,0,0,105,188,769,65535,65535,0,0,0,0,0,0,771,6,75,553,1738,10,13,39078
2022-11-16 20:59:00,O,656,29846,866,76,797,1,1,327,65535,65535,65535,90,65535,0,255,0,0,65535,0,0,0,105,188,769,65535,65535,0,0,0,0,0,0,771,6,75,553,1738,10,13,63792
2022-11-16 21:00:00,O,656,29845,866,76,797,0,1,328,65535,65535,65535,90,65535,0,255,0,0,65535,0,0,0,105,188,769,65535,65535,0,0,0,0,0,0,771,6,75,553,1738,10,13,59540
2022-11-16 21:01:01,O,657,29846,866,76,796,0,1,329,65535,65535,65535,90,65535,0,255,0,0,65535,0,0,0,105,188,769,65535,65535,0,0,0,0,0,0,771,6,75,553,1738,10,13,26916
2022-11-16 21:02:00,O,657,29847,866,76,797,0,0,329,65535,65535,65535,90,65535,0,255,0,0,65535,0,0,0,105,188,769,65535,65535,0,0,0,0,0,0,771,6,75,553,1738,10,13,51076
2022-11-16 21:03:00,O,657,29848,866,76,797,1,0,344,65535,65535,65535,90,65535,0,255,0,0,65535,0,0,0,105,188,769,65535,65535,0,0,0,0,0,0,771,6,75,553,1738,10,13,16530
2022-11-16 21:04:00,O,657,29851,866,76,796,1,0,332,65535,65535,65535,90,65535,0,255,0,0,65535,0,0,0,105,188,769,65535,65535,0,0,0,0,0,0,771,6,75,553,1738,10,13,29073
2022-11-16 21:05:00,O,657,29851,865,76,796,0,1,332,65535,65535,65535,90,65535,0,255,0,0,65535,0,0,0,105,188,769,65535,65535,0,0,0,0,0,0,771,6,75,553,1738,10,13,2257
2022-11-16 21:06:01,O,657,29851,865,76,796,0,1,22,65535,65535,65535,90,65535,0,255,0,0,65535,0,0,0,105,188,769,65535,65535,0,0,0,0,0,0,771,6,75,553,1738,10,13,61956
2022-11-16 21:07:00,O,657,29853,865,76,796,0,1,22,65535,65535,65535,90,65535,0,255,0,0,65535,0,0,0,105,188,769,65535,65535,0,0,0,0,0,0,771,6,75,553,1738,10,13,51225
2022-11-16 21:08:00,O,657,29852,865,76,796,0,0,22,65535,65535,65535,90,65535,0,255,0,0,65535,0,0,0,105,188,769,65535,65535,0,0,0,0,0,0,771,6,75,553,1738,10,13,27060
2022-11-16 21:09:00,O,657,29853,865,76,796,1,0,333,65535,65535,65535,90,65535,0,255,0,0,65535,0,0,0,105,188,769,65535,65535,0,0,0,0,0,0,771,6,75,553,1738,10,13,57574
2022-11-16 21:10:00,O,657,29853,865,76,795,1,0,327,65535,65535,65535,90,65535,0,255,0,0,65535,0,0,0,105,188,769,65535,65535,0,0,0,0,0,0,771,6,75,553,1738,10,13,35917
2022-11-16 21:11:01,O,657,29853,865,76,795,1,0,323,65535,65535,65535,90,65535,0,255,0,0,65535,0,0,0,105,188,769,65535,65535,0,0,0,0,0,0,771,6,75,553,1738,10,13,42525
2022-11-16 21:12:00,O,657,29854,865,76,795,0,1,323,65535,65535,65535,90,65535,0,255,0,0,65535,0,0,0,105,188,769,65535,65535,0,0,0,0,0,0,771,6,75,553,1738,10,13,62373
2022-11-16 21:13:00,O,657,29855,865,76,795,0,1,323,65535,65535,65535,90,65535,0,255,0,0,65535,0,0,0,105,188,769,65535,65535,0,0,0,0,0,0,771,6,75,553,1738,10,13,26448
2022-11-16 21:14:00,O,657,29855,865,76,795,0,0,325,65535,65535,65535,90,65535,0,255,0,0,65535,0,0,0,105,188,769,65535,65535,0,0,0,0,0,0,771,6,75,553,1738,10,13,28016
2022-11-16 21:15:00,O,657,29855,865,76,794,0,0,325,65535,65535,65535,90,65535,0,255,0,0,65535,0,0,0,105,188,769,65535,65535,0,0,0,0,0,0,771,6,75,553,1738,10,13,25213
2022-11-16 21:16:00,O,657,29856,865,76,794,1,0,344,65535,65535,65535,90,65535,0,255,0,0,65535,0,0,0,105,188,769,65535,65535,0,0,0,0,0,0,771,6,75,553,1738,10,13,19314
2022-11-16 21:17:00,O,657,29854,865,76,794,1,0,350,65535,65535,65535,90,65535,0,255,0,0,65535,0,0,0,105,188,769,65535,65535,0,0,0,0,0,0,771,6,75,553,1738,10,13,55586
2022-11-16 21:18:00,O,657,29854,865,76,794,1,1,350,65535,65535,65535,90,65535,0,255,0,0,65535,0,0,0,105,188,769,65535,65535,0,0,0,0,0,0,771,6,75,553,1738,10,13,60538
2022-11-16 21:19:01,O,657,29855,864,76,793,0,1,348,65535,65535,65535,91,65535,0,255,0,0,65535,0,0,0,105,188,769,65535,65535,0,0,0,0,0,0,771,6,75,553,1738,10,13,48338
2022-11-16 21:20:00,O,657,29853,865,76,793,0,0,348,65535,65535,65535,91,65535,0,255,0,0,65535,0,0,0,105,188,769,65535,65535,0,0,0,0,0,0,771,6,75,553,1738,10,13,61219
2022-11-16 21:21:00,O,657,29855,865,76,793,0,0,348,65535,65535,65535,91,65535,0,255,0,0,65535,0,0,0,105,188,769,65535,65535,0,0,0,0,0,0,771,6,75,553,1738,10,13,59096
2022-11-16 21:22:00,O,657,29852,864,76,793,1,0,348,65535,65535,65535,91,65535,0,255,0,0,65535,0,0,0,105,188,769,65535,65535,0,0,0,0,0,0,771,6,75,553,1738,10,13,59754
2022-11-16 21:23:01,O,657,29854,864,76,793,0,0,349,65535,65535,65535,91,65535,0,255,0,0,65535,0,0,0,105,188,769,65535,65535,0,0,0,0,0,0,771,6,75,553,1738,10,13,2019
2022-11-16 21:24:00,O,657,29852,864,76,792,2,0,355,65535,65535,65535,91,65535,0,255,0,0,65535,0,0,0,105,188,769,65535,65535,0,0,0,0,0,0,771,6,75,553,1738,10,13,10993
2022-11-16 21:25:00,O,657,29852,864,76,792,2,0,350,65535,65535,65535,91,65535,0,255,0,0,65535,0,0,0,105,188,769,65535,65535,0,0,0,0,0,0,771,6,75,553,1738,10,13,54636
2022-11-16 21:26:00,O,657,29851,864,76,792,2,0,355,65535,65535,65535,91,65535,0,255,0,0,65535,0,0,0,105,188,769,65535,65535,0,0,0,0,0,0,771,6,75,553,1738,10,13,33817
2022-11-16 21:27:00,O,657,29851,863,77,791,1,0,350,65535,65535,65535,91,65535,0,255,0,0,65535,0,0,0,105,188,769,65535,65535,0,0,0,0,0,0,771,6,75,553,1738,10,13,19636
2022-11-16 21:28:00,O,657,29852,864,77,791,1,0,360,65535,65535,65535,91,65535,0,255,0,0,65535,0,0,0,105,188,769,65535,65535,0,0,0,0,0,0,771,6,75,553,1738,10,13,44883
2022-11-16 21:29:00,O,657,29851,864,77,791,0,0,360,65535,65535,65535,91,65535,0,255,0,0,65535,0,0,0,105,188,769,65535,65535,0,0,0,0,0,0,771,6,75,553,1738,10,13,64597
2022-11-16 21:30:01,O,657,29853,864,77,790,0,0,360,65535,65535,65535,91,65535,0,255,0,0,65535,0,0,0,105,188,769,65535,65535,0,0,0,0,0,0,771,6,75,553,1738,10,13,51525
2022-11-16 21:31:00,O,658,29854,864,77,791,0,0,9,65535,65535,65535,91,65535,0,255,0,0,65535,0,0,0,105,188,769,65535,65535,0,0,0,0,0,0,771,6,75,553,1738,10,13,31239
2022-11-16 21:32:00,O,658,29853,864,77,791,1,1,348,65535,65535,65535,91,65535,0,255,0,0,65535,0,0,0,105,188,769,65535,65535,0,0,0,0,0,0,771,6,75,553,1738,10,13,42030
2022-11-16 21:33:00,O,658,29851,864,77,790,0,1,346,65535,65535,65535,91,65535,0,255,0,0,65535,0,0,0,105,188,769,65535,65535,0,0,0,0,0,0,771,6,75,553,1738,10,13,21416
2022-11-16 21:34:01,O,658,29851,864,76,791,0,1,333,65535,65535,65535,91,65535,0,255,0,0,65535,0,0,0,105,188,769,65535,65535,0,0,0,0,0,0,771,6,75,553,1738,10,13,24015
2022-11-16 21:35:00,O,658,29852,864,76,791,1,0,228,65535,65535,65535,91,65535,0,255,0,0,65535,0,0,0,105,188,769,65535,65535,0,0,0,0,0,0,771,6,75,553,1738,10,13,23287
2022-11-16 21:36:00,O,658,29853,863,76,791,0,0,227,65535,65535,65535,91,65535,0,255,0,0,65535,0,0,0,105,188,769,65535,65535,0,0,0,0,0,0,771,6,75,553,1738,10,13,65422
2022-11-16 21:37:00,O,658,29850,863,76,791,0,0,36,65535,65535,65535,91,65535,0,255,0,0,65535,0,0,0,105,188,769,65535,65535,0,0,0,0,0,0,771,6,75,553,1738,10,13,31604
2022-11-16 21:38:00,O,658,29851,864,76,791,0,0,17,65535,65535,65535,91,65535,0,255,0,0,65535,0,0,0,105,188,769,65535,65535,0,0,0,0,0,0,771,6,75,553,1738,10,13,44346
2022-11-16 21:39:00,O,658,29850,863,76,791,0,0,17,65535,65535,65535,91,65535,0,255,0,0,65535,0,0,0,105,188,769,65535,65535,0,0,0,0,0,0,771,6,75,553,1738,10,13,53321
2022-11-16 21:40:00,O,658,29848,863,76,791,0,0,5,65535,65535,65535,91,65535,0,255,0,0,65535,0,0,0,105,188,769,65535,65535,0,0,0,0,0,0,771,6,75,553,1738,10,13,31410
2022-11-16 21:41:01,O,658,29847,862,77,791,1,0,336,65535,65535,65535,91,65535,0,255,0,0,65535,0,0,0,105,188,769,65535,65535,0,0,0,0,0,0,771,6,75,553,1738,10,13,10101
2022-11-16 21:42:00,O,658,29845,862,77,791,0,0,336,65535,65535,65535,91,65535,0,255,0,0,65535,0,0,0,105,188,769,65535,65535,0,0,0,0,0,0,771,6,75,553,1738,10,13,54112
2022-11-16 21:43:00,O,658,29847,862,77,790,0,0,327,65535,65535,65535,91,65535,0,255,0,0,65535,0,0,0,105,188,769,65535,65535,0,0,0,0,0,0,771,6,75,553,1738,10,13,31010
2022-11-16 21:44:00,O,658,29845,862,77,790,1,0,5,65535,65535,65535,91,65535,0,255,0,0,65535,0,0,0,105,188,769,65535,65535,0,0,0,0,0,0,771,6,75,553,1738,10,13,43538
2022-11-16 21:45:01,O,658,29843,862,76,790,2,0,10,65535,65535,65535,91,65535,0,255,0,0,65535,0,0,0,105,188,769,65535,65535,0,0,0,0,0,0,771,6,75,553,1738,10,13,27318
2022-11-16 21:46:00,O,658,29845,861,76,790,1,1,10,65535,65535,65535,91,65535,0,255,0,0,65535,0,0,0,105,188,769,65535,65535,0,0,0,0,0,0,771,6,75,553,1738,10,13,61365
2022-11-16 21:47:00,O,658,29845,861,77,790,0,1,10,65535,65535,65535,91,65535,0,255,0,0,65535,0,0,0,105,188,769,65535,65535,0,0,0,0,0,0,771,6,75,553,1738,10,13,49029
2022-11-16 21:48:00,O,658,29847,861,77,790,0,0,5,65535,65535,65535,91,65535,0,255,0,0,65535,0,0,0,105,188,769,65535,65535,0,0,0,0,0,0,771,6,75,553,1738,10,13,62050
2022-11-16 21:49:00,O,658,29848,861,77,790,0,0,5,65535,65535,65535,91,65535,0,255,0,0,65535,0,0,0,105,188,769,65535,65535,0,0,0,0,0,0,771,6,75,553,1738,10,13,6998
2022-11-16 21:50:00,O,658,29847,861,77,790,0,0,5,65535,65535,65535,91,65535,0,255,0,0,65535,0,0,0,105,188,769,65535,65535,0,0,0,0,0,0,771,6,75,553,1738,10,13,62050
2022-11-16 21:51:00,O,658,29848,861,77,790,0,0,5,65535,65535,65535,91,65535,0,255,0,0,65535,0,0,0,105,188,769,65535,65535,0,0,0,0,0,0,771,6,75,553,1738,10,13,6998
2022-11-16 21:52:01,O,658,29848,861,77,790,0,0,5,65535,65535,65535,91,65535,0,255,0,0,65535,0,0,0,105,188,769,65535,65535,0,0,0,0,0,0,771,6,75,553,1738,10,13,6998
2022-11-16 21:53:00,O,658,29849,860,77,790,1,0,5,65535,65535,65535,91,65535,0,255,0,0,65535,0,0,0,105,188,769,65535,65535,0,0,0,0,0,0,771,6,75,553,1738,10,13,7455
2022-11-16 21:54:00,O,658,29851,860,77,789,0,1,331,65535,65535,65535,91,65535,0,255,0,0,65535,0,0,0,105,188,769,65535,65535,0,0,0,0,0,0,771,6,75,553,1738,10,13,38032
2022-11-16 21:55:00,O,658,29851,860,77,789,0,0,330,65535,65535,65535,91,65535,0,255,0,0,65535,0,0,0,105,188,769,65535,65535,0,0,0,0,0,0,771,6,75,553,1738,10,13,47956
2022-11-16 21:56:01,O,658,29849,860,77,789,0,0,330,65535,65535,65535,91,65535,0,255,0,0,65535,0,0,0,105,188,769,65535,65535,0,0,0,0,0,0,771,6,75,553,1738,10,13,45743
2022-11-16 21:57:00,O,658,29851,860,77,789,0,0,330,65535,65535,65535,91,65535,0,255,0,0,65535,0,0,0,105,188,769,65535,65535,0,0,0,0,0,0,771,6,75,553,1738,10,13,47956
2022-11-16 21:58:00,O,658,29851,860,77,789,0,0,330,65535,65535,65535,91,65535,0,255,0,0,65535,0,0,0,105,188,769,65535,65535,0,0,0,0,0,0,771,6,75,553,1738,10,13,47956
2022-11-16 21:59:00,O,658,29850,860,77,789,0,0,322,65535,65535,65535,91,65535,0,255,0,0,65535,0,0,0,105,188,769,65535,65535,0,0,0,0,0,0,771,6,75,553,1738,10,13,31489
2022-11-16 22:00:00,O,658,29851,860,77,789,1,0,105,65535,65535,65535,91,65535,0,255,0,0,65535,0,0,0,105,188,769,65535,65535,0,0,0,0,0,0,771,6,75,553,1738,10,13,27888
2022-11-16 22:01:00,O,659,29848,860,77,789,2,0,78,65535,65535,65535,91,65535,0,255,0,0,65535,0,0,0,105,188,769,65535,65535,0,0,0,0,0,0,771,6,75,553,1738,10,13,59831
2022-11-16 22:02:00,O,659,29848,860,77,789,1,0,77,65535,65535,65535,91,65535,0,255,0,0,65535,0,0,0,105,188,769,65535,65535,0,0,0,0,0,0,771,6,75,553,1738,10,13,49184
2022-11-16 22:03:00,O,659,29845,860,77,789,2,0,11,65535,65535,65535,91,65535,0,255,0,0,65535,0,0,0,105,188,769,65535,65535,0,0,0,0,0,0,771,6,75,553,1738,10,13,15590
2022-11-16 22:04:01,O,659,29848,860,77,789,0,0,16,65535,65535,65535,91,65535,0,255,0,0,65535,0,0,0,105,188,769,65535,65535,0,0,0,0,0,0,771,6,75,553,1738,10,13,54688
2022-11-16 22:05:00,O,659,29848,860,77,788,0,0,16,65535,65535,65535,91,65535,0,255,0,0,65535,0,0,0,105,188,769,65535,65535,0,0,0,0,0,0,771,6,75,553,1738,10,13,55981
2022-11-16 22:06:00,O,659,29847,860,77,789,0,0,16,65535,65535,65535,91,65535,0,255,0,0,65535,0,0,0,105,188,769,65535,65535,0,0,0,0,0,0,771,6,75,553,1738,10,13,15508
2022-11-16 22:07:00,O,659,29849,860,77,789,0,0,40,65535,65535,65535,91,65535,0,255,0,0,65535,0,0,0,105,188,769,65535,65535,0,0,0,0,0,0,771,6,75,553,1738,10,13,36356
2022-11-16 22:08:00,O,659,29848,860,77,789,0,0,40,65535,65535,65535,91,65535,0,255,0,0,65535,0,0,0,105,188,769,65535,65535,0,0,0,0,0,0,771,6,75,553,1738,10,13,6897
2022-11-16 22:09:01,O,659,29849,860,77,789,0,0,40,65535,65535,65535,91,65535,0,255,0,0,65535,0,0,0,105,188,769,65535,65535,0,0,0,0,0,0,771,6,75,553,1738,10,13,36356
2022-11-16 22:10:00,O,659,29851,860,77,788,1,0,305,65535,65535,65535,91,65535,0,255,0,0,65535,0,0,0,105,188,769,65535,65535,0,0,0,0,0,0,771,6,75,553,1738,10,13,34095
2022-11-16 22:11:00,O,659,29849,860,77,789,1,0,302,65535,65535,65535,91,65535,0,255,0,0,65535,0,0,0,105,188,769,65535,65535,0,0,0,0,0,0,771,6,75,553,1738,10,13,31693
2022-11-16 22:12:00,O,659,29848,860,77,788,0,1,305,65535,65535,65535,91,65535,0,255,0,0,65535,0,0,0,105,188,769,65535,65535,0,0,0,0,0,0,771,6,75,553,1738,10,13,53399
2022-11-16 22:13:00,O,659,29850,860,77,788,1,1,304,65535,65535,65535,91,65535,0,255,0,0,65535,0,0,0,105,188,769,65535,65535,0,0,0,0,0,0,771,6,75,553,1738,10,13,15902
2022-11-16 22:14:01,O,659,29849,860,77,788,1,1,298,65535,65535,65535,91,65535,0,255,0,0,65535,0,0,0,105,188,769,65535,65535,0,0,0,0,0,0,771,6,75,553,1738,10,13,27592
2022-11-16 22:15:00,O,659,29849,859,77,788,2,1,302,65535,65535,65535,91,65535,0,255,0,0,65535,0,0,0,105,188,769,65535,65535,0,0,0,0,0,0,771,6,75,553,1738,10,13,19220
2022-11-16 22:16:00,O,659,29851,860,77,788,0,1,300,65535,65535,65535,91,65535,0,255,0,0,65535,0,0,0,105,188,769,65535,65535,0,0,0,0,0,0,771,6,75,553,1738,10,13,41125
2022-11-16 22:17:00,O,659,29850,859,76,788,1,1,300,65535,65535,65535,91,65535,0,255,0,0,65535,0,0,0,105,188,769,65535,65535,0,0,0,0,0,0,771,6,75,553,1738,10,13,18639
2022-11-16 22:18:01,O,659,29850,859,77,788,0,1,300,65535,65535,65535,91,65535,0,255,0,0,65535,0,0,0,105,188,769,65535,65535,0,0,0,0,0,0,771,6,75,553,1738,10,13,6399
2022-11-16 22:19:00,O,659,29850,859,77,788,1,1,300,65535,65535,65535,91,65535,0,255,0,0,65535,0,0,0,105,188,769,65535,65535,0,0,0,0,0,0,771,6,75,553,1738,10,13,58641
2022-11-16 22:20:00,O,659,29851,859,77,788,0,1,300,65535,65535,65535,91,65535,0,255,0,0,65535,0,0,0,105,188,769,65535,65535,0,0,0,0,0,0,771,6,75,553,1738,10,13,35850
2022-11-16 22:21:01,O,659,29849,858,77,788,1,1,300,65535,65535,65535,91,65535,0,255,0,0,65535,0,0,0,105,188,769,65535,65535,0,0,0,0,0,0,771,6,75,553,1738,10,13,5965
2022-11-16 22:22:00,O,659,29849,858,77,787,0,1,300,65535,65535,65535,91,65535,0,255,0,0,65535,0,0,0,105,188,769,65535,65535,0,0,0,0,0,0,771,6,75,553,1738,10,13,51072
2022-11-16 22:23:00,O,659,29848,858,77,787,1,1,300,65535,65535,65535,91,65535,0,255,0,0,65535,0,0,0,105,188,769,65535,65535,0,0,0,0,0,0,771,6,75,553,1738,10,13,44699
2022-11-16 22:24:00,O,659,29847,858,77,787,1,1,300,65535,65535,65535,91,65535,0,255,0,0,65535,0,0,0,105,188,769,65535,65535,0,0,0,0,0,0,771,6,75,553,1738,10,13,18351
2022-11-16 22:25:01,O,659,29845,858,77,786,0,1,300,65535,65535,65535,91,65535,0,255,0,0,65535,0,0,0,105,188,769,65535,65535,0,0,0,0,0,0,771,6,75,553,1738,10,13,48311
2022-11-16 22:26:00,O,659,29845,858,77,786,0,1,300,65535,65535,65535,91,65535,0,255,0,0,65535,0,0,0,105,188,769,65535,65535,0,0,0,0,0,0,771,6,75,553,1738,10,13,48311
2022-11-16 22:27:00,O,659,29844,858,77,786,0,1,302,65535,65535,65535,91,65535,0,255,0,0,65535,0,0,0,105,188,769,65535,65535,0,0,0,0,0,0,771,6,75,553,1738,10,13,15722
2022-11-16 22:28:00,O,659,29844,858,77,786,0,1,302,65535,65535,65535,91,65535,0,255,0,0,65535,0,0,0,105,188,769,65535,65535,0,0,0,0,0,0,771,6,75,553,1738,10,13,15722
2022-11-16 22:29:01,O,659,29843,857,77,785,0,0,302,65535,65535,65535,91,65535,0,255,0,0,65535,0,0,0,105,188,769,65535,65535,0,0,0,0,0,0,771,6,75,553,1738,10,13,1595
2022-11-16 22:30:00,O,659,29841,857,77,785,0,0,302,65535,65535,65535,91,65535,0,255,0,0,65535,0,0,0,105,188,769,65535,65535,0,0,0,0,0,0,771,6,75,553,1738,10,13,4032
2022-11-16 22:31:00,O,660,29842,856,77,785,0,0,302,65535,65535,65535,91,65535,0,255,0,0,65535,0,0,0,105,188,769,65535,65535,0,0,0,0,0,0,771,6,75,553,1738,10,13,23696
2022-11-16 22:32:01,O,660,29843,857,77,785,0,0,302,65535,65535,65535,91,65535,0,255,0,0,65535,0,0,0,105,188,769,65535,65535,0,0,0,0,0,0,771,6,75,553,1738,10,13,42807
2022-11-16 22:33:00,O,660,29843,856,77,784,0,0,302,65535,65535,65535,91,65535,0,255,0,0,65535,0,0,0,105,188,769,65535,65535,0,0,0,0,0,0,771,6,75,553,1738,10,13,51048
2022-11-16 22:34:00,O,660,29840,856,77,784,0,0,302,65535,65535,65535,91,65535,0,255,0,0,65535,0,0,0,105,188,769,65535,65535,0,0,0,0,0,0,771,6,75,553,1738,10,13,23142
2022-11-16 22:35:00,O,660,29842,856,77,784,0,0,302,65535,65535,65535,91,65535,0,255,0,0,65535,0,0,0,105,188,769,65535,65535,0,0,0,0,0,0,771,6,75,553,1738,10,13,21405
2022-11-16 22:36:01,O,660,29841,856,77,784,0,0,302,65535,65535,65535,91,65535,0,255,0,0,65535,0,0,0,105,188,769,65535,65535,0,0,0,0,0,0,771,6,75,553,1738,10,13,52883
2022-11-16 22:37:00,O,660,29841,856,77,784,0,0,28,65535,65535,65535,90,65535,0,255,0,0,65535,0,0,0,105,188,769,65535,65535,0,0,0,0,0,0,771,6,75,553,1738,10,13,9675
2022-11-16 22:38:00,O,660,29839,856,77,784,1,0,28,65535,65535,65535,91,65535,0,255,0,0,65535,0,0,0,105,188,769,65535,65535,0,0,0,0,0,0,771,6,75,553,1738,10,13,22674
2022-11-16 22:39:00,O,660,29839,856,77,784,0,0,28,65535,65535,65535,91,65535,0,255,0,0,65535,0,0,0,105,188,769,65535,65535,0,0,0,0,0,0,771,6,75,553,1738,10,13,42364
2022-11-16 22:40:01,O,660,29839,856,77,784,1,0,38,65535,65535,65535,91,65535,0,255,0,0,65535,0,0,0,105,188,769,65535,65535,0,0,0,0,0,0,771,6,75,553,1738,10,13,33515
2022-11-16 22:41:00,O,660,29837,856,77,783,0,0,38,65535,65535,65535,90,65535,0,255,0,0,65535,0,0,0,105,188,769,65535,65535,0,0,0,0,0,0,771,6,75,553,1738,10,13,33211
2022-11-16 22:42:00,O,660,29836,856,77,783,0,0,38,65535,65535,65535,90,65535,0,255,0,0,65535,0,0,0,105,188,769,65535,65535,0,0,0,0,0,0,771,6,75,553,1738,10,13,5454
2022-11-16 22:43:01,O,660,29838,856,77,783,1,0,34,65535,65535,65535,91,65535,0,255,0,0,65535,0,0,0,105,188,769,65535,65535,0,0,0,0,0,0,771,6,75,553,1738,10,13,39381
2022-11-16 22:44:00,O,660,29835,856,77,783,0,0,34,65535,65535,65535,90,65535,0,255,0,0,65535,0,0,0,105,188,769,65535,65535,0,0,0,0,0,0,771,6,75,553,1738,10,13,37366
2022-11-16 22:45:00,O,660,29837,856,77,783,1,0,31,65535,65535,65535,90,65535,0,255,0,0,65535,0,0,0,105,188,769,65535,65535,0,0,0,0,0,0,771,6,75,553,1738,10,13,43416
2022-11-16 22:46:00,O,660,29835,856,76,783,1,0,24,65535,65535,65535,90,65535,0,255,0,0,65535,0,0,0,105,188,769,65535,65535,0,0,0,0,0,0,771,6,75,553,1738,10,13,7103
2022-11-16 22:47:01,O,660,29832,855,76,783,0,0,9,65535,65535,65535,90,65535,0,255,0,0,65535,0,0,0,105,188,769,65535,65535,0,0,0,0,0,0,771,6,75,553,1738,10,13,65167
2022-11-16 22:48:00,O,660,29831,855,76,783,0,0,5,65535,65535,65535,90,65535,0,255,0,0,65535,0,0,0,105,188,769,65535,65535,0,0,0,0,0,0,771,6,75,553,1738,10,13,26955
2022-11-16 22:49:00,O,660,29830,855,76,783,1,0,5,65535,65535,65535,90,65535,0,255,0,0,65535,0,0,0,105,188,769,65535,65535,0,0,0,0,0,0,771,6,75,553,1738,10,13,80
2022-11-16 22:50:00,O,660,29830,855,76,782,1,0,333,65535,65535,65535,90,65535,0,255,0,0,65535,0,0,0,105,188,769,65535,65535,0,0,0,0,0,0,771,6,75,553,1738,10,13,27120
2022-11-16 22:51:00,O,660,29829,854,76,782,0,0,337,65535,65535,65535,89,65535,0,255,0,0,65535,0,0,0,105,188,769,65535,65535,0,0,0,0,0,0,771,6,75,553,1738,10,13,18064
2022-11-16 22:52:00,O,660,29831,854,76,782,0,0,337,65535,65535,65535,90,65535,0,255,0,0,65535,0,0,0,105,188,769,65535,65535,0,0,0,0,0,0,771,6,75,553,1738,10,13,38937
2022-11-16 22:53:00,O,660,29830,854,76,782,0,0,350,65535,65535,65535,90,65535,0,255,0,0,65535,0,0,0,105,188,769,65535,65535,0,0,0,0,0,0,771,6,75,553,1738,10,13,32168
2022-11-16 22:54:01,O,660,29829,854,76,782,0,0,350,65535,65535,65535,90,65535,0,255,0,0,65535,0,0,0,105,188,769,65535,65535,0,0,0,0,0,0,771,6,75,553,1738,10,13,57510
2022-11-16 22:55:00,O,660,29829,853,76,782,0,0,348,65535,65535,65535,90,65535,0,255,0,0,65535,0,0,0,105,188,769,65535,65535,0,0,0,0,0,0,771,6,75,553,1738,10,13,17528
2022-11-16 22:56:00,O,660,29829,854,76,782,0,0,340,65535,65535,65535,90,65535,0,255,0,0,65535,0,0,0,105,188,769,65535,65535,0,0,0,0,0,0,771,6,75,553,1738,10,13,41262
2022-11-16 22:57:00,O,660,29827,854,76,781,1,0,340,65535,65535,65535,90,65535,0,255,0,0,65535,0,0,0,105,188,769,65535,65535,0,0,0,0,0,0,771,6,75,553,1738,10,13,30666
2022-11-16 22:58:01,O,660,29826,854,76,782,2,0,310,65535,65535,65535,90,65535,0,255,0,0,65535,0,0,0,105,188,769,65535,65535,0,0,0,0,0,0,771,6,75,553,1738,10,13,54992
2022-11-16 22:59:00,O,660,29826,854,76,781,2,1,302,65535,65535,65535,91,65535,0,255,0,0,65535,0,0,0,105,188,769,65535,65535,0,0,0,0,0,0,771,6,75,553,1738,10,13,32177
2022-11-16 23:00:00,O,660,29823,853,76,781,2,1,312,65535,65535,65535,90,65535,0,255,0,0,65535,0,0,0,105,188,769,65535,65535,0,0,0,0,0,0,771,6,75,553,1738,10,13,15104
2022-11-16 23:01:00,O,661,29822,853,76,781,1,1,297,65535,65535,65535,90,65535,0,255,0,0,65535,0,0,0,105,188,769,65535,65535,0,0,0,0,0,0,771,6,45,553,1738,10,13,11303
2022-11-16 23:02:01,O,661,29821,853,76,780,1,1,300,65535,65535,65535,91,65535,0,255,0,0,65535,0,0,0,105,188,769,65535,65535,0,0,0,0,0,0,771,6,45,553,1738,10,13,56374
2022-11-16 23:03:00,O,661,29820,853,76,780,1,1,302,65535,65535,65535,91,65535,0,255,0,0,65535,0,0,0,105,188,769,65535,65535,0,0,0,0,0,0,771,6,45,553,1738,10,13,24043
2022-11-16 23:04:00,O,661,29821,853,76,780,1,1,302,65535,65535,65535,91,65535,0,255,0,0,65535,0,0,0,105,188,769,65535,65535,0,0,0,0,0,0,771,6,45,553,1738,10,13,51486
2022-11-16 23:05:00,O,661,29823,853,76,779,0,1,302,65535,65535,65535,91,65535,0,255,0,0,65535,0,0,0,105,188,769,65535,65535,0,0,0,0,0,0,771,6,45,553,1738,10,13,4136
2022-11-16 23:06:00,O,661,29820,852,76,778,1,1,302,65535,65535,65535,91,65535,0,255,0,0,65535,0,0,0,105,188,769,65535,65535,0,0,0,0,0,0,771,6,45,553,1738,10,13,4247
2022-11-16 23:07:06,O,661,29821,852,76,779,1,1,302,65535,65535,65535,91,65535,0,255,0,0,65535,0,0,0,105,188,769,65535,65535,0,0,0,0,0,0,771,6,45,553,1738,10,13,35695
2022-11-16 23:08:00,O,661,29818,852,76,779,1,1,302,65535,65535,65535,91,65535,0,255,0,0,65535,0,0,0,105,188,769,65535,65535,0,0,0,0,0,0,771,6,45,553,1738,10,13,9607
2022-11-16 23:09:00,O,661,29820,852,76,778,1,1,302,65535,65535,65535,91,65535,0,255,0,0,65535,0,0,0,105,188,769,65535,65535,0,0,0,0,0,0,771,6,45,553,1738,10,13,4247
2022-11-16 23:10:00,O,661,29820,851,76,778,1,1,302,65535,65535,65535,91,65535,0,255,0,0,65535,0,0,0,105,188,769,65535,65535,0,0,0,0,0,0,771,6,45,553,1738,10,13,15416
2022-11-16 23:11:01,O,661,29821,852,76,777,0,1,302,65535,65535,65535,91,65535,0,255,0,0,65535,0,0,0,105,188,769,65535,65535,0,0,0,0,0,0,771,6,45,553,1738,10,13,26779
2022-11-16 23:12:00,O,661,29820,851,76,777,0,1,302,65535,65535,65535,91,65535,0,255,0,0,65535,0,0,0,105,188,769,65535,65535,0,0,0,0,0,0,771,6,45,553,1738,10,13,53441
2022-11-16 23:13:00,O,661,29820,851,76,777,0,1,302,65535,65535,65535,91,65535,0,255,0,0,65535,0,0,0,105,188,769,65535,65535,0,0,0,0,0,0,771,6,45,553,1738,10,13,53441
2022-11-16 23:14:00,O,661,29822,851,77,776,0,0,302,65535,65535,65535,91,65535,0,255,0,0,65535,0,0,0,105,188,769,65535,65535,0,0,0,0,0,0,771,6,45,553,1738,10,13,20145
2022-11-16 23:15:00,O,661,29821,851,76,776,1,0,302,65535,65535,65535,91,65535,0,255,0,0,65535,0,0,0,105,188,769,65535,65535,0,0,0,0,0,0,771,6,45,553,1738,10,13,33679
2022-11-16 23:16:00,O,661,29822,851,77,776,0,0,302,65535,65535,65535,92,65535,0,255,0,0,65535,0,0,0,105,188,769,65535,65535,0,0,0,0,0,0,771,6,45,553,1738,10,13,45706
2022-11-16 23:17:00,O,661,29822,851,76,776,0,0,302,65535,65535,65535,92,65535,0,255,0,0,65535,0,0,0,105,188,769,65535,65535,0,0,0,0,0,0,771,6,45,553,1738,10,13,8020
2022-11-16 23:18:00,O,661,29822,851,76,776,1,0,302,65535,65535,65535,92,65535,0,255,0,0,65535,0,0,0,105,188,769,65535,65535,0,0,0,0,0,0,771,6,45,553,1738,10,13,58042
2022-11-16 23:19:01,O,661,29821,851,76,776,0,0,302,65535,65535,65535,92,65535,0,255,0,0,65535,0,0,0,105,188,769,65535,65535,0,0,0,0,0,0,771,6,45,553,1738,10,13,33370
2022-11-16 23:20:00,O,661,29821,851,77,775,0,0,302,65535,65535,65535,92,65535,0,255,0,0,65535,0,0,0,105,188,769,65535,65535,0,0,0,0,0,0,771,6,45,553,1738,10,13,31439
2022-11-16 23:21:00,O,661,29822,851,77,775,0,0,309,65535,65535,65535,92,65535,0,255,0,0,65535,0,0,0,105,188,769,65535,65535,0,0,0,0,0,0,771,6,45,553,1738,10,13,13701
2022-11-16 23:22:00,O,661,29823,850,77,775,0,0,309,65535,65535,65535,92,65535,0,255,0,0,65535,0,0,0,105,188,769,65535,65535,0,0,0,0,0,0,771,6,45,553,1738,10,13,52770
2022-11-16 23:23:00,O,661,29822,850,77,775,0,0,309,65535,65535,65535,92,65535,0,255,0,0,65535,0,0,0,105,188,769,65535,65535,0,0,0,0,0,0,771,6,45,553,1738,10,13,23255
2022-11-16 23:24:00,O,661,29824,851,77,775,0,0,309,65535,65535,65535,92,65535,0,255,0,0,65535,0,0,0,105,188,769,65535,65535,0,0,0,0,0,0,771,6,45,553,1738,10,13,47930
2022-11-16 23:25:00,O,661,29822,850,77,774,0,0,323,65535,65535,65535,92,65535,0,255,0,0,65535,0,0,0,105,188,769,65535,65535,0,0,0,0,0,0,771,6,45,553,1738,10,13,62465
2022-11-16 23:26:01,O,661,29824,850,77,774,0,0,323,65535,65535,65535,92,65535,0,255,0,0,65535,0,0,0,105,188,769,65535,65535,0,0,0,0,0,0,771,6,45,553,1738,10,13,31422
2022-11-16 23:27:00,O,661,29823,850,77,774,0,0,323,65535,65535,65535,92,65535,0,255,0,0,65535,0,0,0,105,188,769,65535,65535,0,0,0,0,0,0,771,6,45,553,1738,10,13,24820
2022-11-16 23:28:00,O,661,29824,850,77,774,0,0,323,65535,65535,65535,92,65535,0,255,0,0,65535,0,0,0,105,188,769,65535,65535,0,0,0,0,0,0,771,6,45,553,1738,10,13,31422
2022-11-16 23:29:00,O,661,29825,851,77,773,0,0,323,65535,65535,65535,92,65535,0,255,0,0,65535,0,0,0,105,188,769,65535,65535,0,0,0,0,0,0,771,6,45,553,1738,10,13,36878
2022-11-16 23:30:01,O,661,29827,851,77,774,0,0,323,65535,65535,65535,92,65535,0,255,0,0,65535,0,0,0,105,188,769,65535,65535,0,0,0,0,0,0,771,6,45,553,1738,10,13,35042
2022-11-16 23:31:00,O,662,29827,851,77,773,1,0,320,65535,65535,65535,92,65535,0,255,0,0,65535,0,0,0,105,188,769,65535,65535,0,0,0,0,0,0,771,6,45,553,1738,10,13,28894
2022-11-16 23:32:00,O,662,29825,851,77,774,1,0,313,65535,65535,65535,92,65535,0,255,0,0,65535,0,0,0,105,188,769,65535,65535,0,0,0,0,0,0,771,6,45,553,1738,10,13,47277
2022-11-16 23:33:00,O,662,29827,851,77,773,1,0,313,65535,65535,65535,92,65535,0,255,0,0,65535,0,0,0,105,188,769,65535,65535,0,0,0,0,0,0,771,6,45,553,1738,10,13,41025
2022-11-16 23:34:00,O,662,29827,851,77,774,0,0,313,65535,65535,65535,93,65535,0,255,0,0,65535,0,0,0,105,188,769,65535,65535,0,0,0,0,0,0,771,6,45,553,1738,10,13,7782
2022-11-16 23:35:00,O,662,29827,851,77,773,0,0,313,65535,65535,65535,93,65535,0,255,0,0,65535,0,0,0,105,188,769,65535,65535,0,0,0,0,0,0,771,6,45,553,1738,10,13,3953
2022-11-16 23:36:00,O,662,29828,850,77,773,0,0,313,65535,65535,65535,93,65535,0,255,0,0,65535,0,0,0,105,188,769,65535,65535,0,0,0,0,0,0,771,6,45,553,1738,10,13,52939
2022-11-16 23:37:01,O,662,29826,850,77,773,1,0,313,65535,65535,65535,93,65535,0,255,0,0,65535,0,0,0,105,188,769,65535,65535,0,0,0,0,0,0,771,6,45,553,1738,10,13,2360
2022-11-16 23:38:00,O,662,29827,850,77,773,1,0,313,65535,65535,65535,92,65535,0,255,0,0,65535,0,0,0,105,188,769,65535,65535,0,0,0,0,0,0,771,6,45,553,1738,10,13,53011
2022-11-16 23:39:00,O,662,29829,850,77,773,0,1,313,65535,65535,65535,92,65535,0,255,0,0,65535,0,0,0,105,188,769,65535,65535,0,0,0,0,0,0,771,6,45,553,1738,10,13,15800
2022-11-16 23:40:00,O,662,29829,850,77,773,0,1,313,65535,65535,65535,92,65535,0,255,0,0,65535,0,0,0,105,188,769,65535,65535,0,0,0,0,0,0,771,6,45,553,1738,10,13,15800
2022-11-16 23:41:01,O,662,29827,850,77,773,0,1,313,65535,65535,65535,92,65535,0,255,0,0,65535,0,0,0,105,188,769,65535,65535,0,0,0,0,0,0,771,6,45,553,1738,10,13,1957
2022-11-16 23:42:00,O,662,29828,850,77,773,0,0,313,65535,65535,65535,92,65535,0,255,0,0,65535,0,0,0,105,188,769,65535,65535,0,0,0,0,0,0,771,6,45,553,1738,10,13,39957
2022-11-16 23:43:00,O,662,29828,850,77,772,0,0,313,65535,65535,65535,92,65535,0,255,0,0,65535,0,0,0,105,188,769,65535,65535,0,0,0,0,0,0,771,6,45,553,1738,10,13,37656
2022-11-16 23:44:00,O,662,29826,850,77,772,0,0,313,65535,65535,65535,92,65535,0,255,0,0,65535,0,0,0,105,188,769,65535,65535,0,0,0,0,0,0,771,6,45,553,1738,10,13,43269
2022-11-16 23:45:00,O,662,29827,850,77,772,1,0,313,65535,65535,65535,92,65535,0,255,0,0,65535,0,0,0,105,188,769,65535,65535,0,0,0,0,0,0,771,6,45,553,1738,10,13,49182
2022-11-16 23:46:00,O,662,29826,850,77,772,0,1,313,65535,65535,65535,92,65535,0,255,0,0,65535,0,0,0,105,188,769,65535,65535,0,0,0,0,0,0,771,6,45,553,1738,10,13,40029
2022-11-16 23:47:00,O,662,29825,850,77,772,1,0,313,65535,65535,65535,92,65535,0,255,0,0,65535,0,0,0,105,188,769,65535,65535,0,0,0,0,0,0,771,6,45,553,1738,10,13,51685
2022-11-16 23:48:01,O,662,29825,849,77,772,0,0,313,65535,65535,65535,92,65535,0,255,0,0,65535,0,0,0,105,188,769,65535,65535,0,0,0,0,0,0,771,6,45,553,1738,10,13,34301
2022-11-16 23:49:00,O,662,29823,850,77,772,0,0,313,65535,65535,65535,92,65535,0,255,0,0,65535,0,0,0,105,188,769,65535,65535,0,0,0,0,0,0,771,6,45,553,1738,10,13,47796
2022-11-16 23:50:00,O,662,29824,850,77,771,0,0,313,65535,65535,65535,92,65535,0,255,0,0,65535,0,0,0,105,188,769,65535,65535,0,0,0,0,0,0,771,6,45,553,1738,10,13,36317
2022-11-16 23:51:00,O,662,29824,850,77,771,0,0,313,65535,65535,65535,92,65535,0,255,0,0,65535,0,0,0,105,188,769,65535,65535,0,0,0,0,0,0,771,6,45,553,1738,10,13,36317
2022-11-16 23:52:01,O,662,29822,850,77,771,0,0,313,65535,65535,65535,92,65535,0,255,0,0,65535,0,0,0,105,188,769,65535,65535,0,0,0,0,0,0,771,6,45,553,1738,10,13,866
2022-11-16 23:53:00,O,662,29824,850,77,771,0,0,313,65535,65535,65535,92,65535,0,255,0,0,65535,0,0,0,105,188,769,65535,65535,0,0,0,0,0,0,771,6,45,553,1738,10,13,36317
2022-11-16 23:54:00,O,662,29823,849,77,771,0,0,313,65535,65535,65535,92,65535,0,255,0,0,65535,0,0,0,105,188,769,65535,65535,0,0,0,0,0,0,771,6,45,553,1738,10,13,9825
2022-11-16 23:55:00,O,662,29822,849,77,770,0,0,313,65535,65535,65535,92,65535,0,255,0,0,65535,0,0,0,105,188,769,65535,65535,0,0,0,0,0,0,771,6,45,553,1738,10,13,48537
2022-11-16 23:56:00,O,662,29820,850,77,771,0,0,313,65535,65535,65535,92,65535,0,255,0,0,65535,0,0,0,105,188,769,65535,65535,0,0,0,0,0,0,771,6,45,553,1738,10,13,2713
2022-11-16 23:57:00,O,662,29819,849,77,770,0,0,313,65535,65535,65535,92,65535,0,255,0,0,65535,0,0,0,105,188,769,65535,65535,0,0,0,0,0,0,771,6,45,553,1738,10,13,6794
2022-11-16 23:58:00,O,662,29820,850,77,770,0,0,313,65535,65535,65535,92,65535,0,255,0,0,65535,0,0,0,105,188,769,65535,65535,0,0,0,0,0,0,771,6,45,553,1738,10,13,1428
2022-11-16 23:59:01,O,662,29820,850,77,770,0,0,313,65535,65535,65535,92,65535,0,255,0,0,65535,0,0,0,105,188,769,65535,65535,0,0,0,0,0,0,771,6,45,553,1738,10,13,1428
